symbol	name	safename
BTC	Bitcoin	bitcoin
ETH	Ethereum	ethereum
XRP	Ripple	ripple
BCH	Bitcoin Cash	bitcoin-cash
ADA	Cardano	cardano
XEM	NEM	nem
LTC	Litecoin	litecoin
XLM	Stellar	stellar
MIOTA	IOTA	iota
TRX	TRON	tron
DASH	Dash	dash
NEO	NEO	neo
XMR	Monero	monero
EOS	EOS	eos
QTUM	Qtum	qtum
ICX	ICON	icon
BTG	Bitcoin Gold	bitcoin-gold
LSK	Lisk	lisk
XRB	RaiBlocks	raiblocks
ETC	Ethereum Classic	ethereum-classic
XVG	Verge	verge
OMG	OmiseGO	omisego
SC	Siacoin	siacoin
BCN	Bytecoin	bytecoin-bcn
BCC	BitConnect	bitconnect
STRAT	Stratis	stratis
PPT	Populous	populous
ZEC	Zcash	zcash
BTS	BitShares	bitshares
DCN	Dentacoin	dentacoin
BNB	Binance Coin	binance-coin
DOGE	Dogecoin	dogecoin
SNT	Status	status
ARDR	Ardor	ardor
KCS	KuCoin Shares	kucoin-shares
USDT	Tether	tether
STEEM	Steem	steem
WAVES	Waves	waves
VEN	VeChain	vechain
DGB	DigiByte	digibyte
REP	Augur	augur
KMD	Komodo	komodo
DRGN	Dragonchain	dragonchain
BAT	Basic Attenti...	basic-attention-token
GNT	Golem	golem-network-tokens
VERI	Veritaseum	veritaseum
ZRX	0x	0x
HSR	Hshare	hshare
KIN	Kin	kin
ETN	Electroneum	electroneum
SALT	SALT	salt
DENT	Dent	dent
ARK	Ark	ark
ETHOS	Ethos	ethos
FUN	FunFair	funfair
DCR	Decred	decred
RDD	ReddCoin	reddcoin
NXS	Nexus	nexus
PIVX	PIVX	pivx
KNC	Kyber Network	kyber-network
XP	Experience Po...	experience-points
QASH	QASH	qash
FCT	Factom	factom
REQ	Request Network	request-network
AE	Aeternity	aeternity
POWR	Power Ledger	power-ledger
NEBL	Neblio	neblio
WAX	WAX	wax
SUB	Substratum	substratum
ELF	aelf	aelf
BTM	Bytom	bytom
AION	Aion	aion
RHOC	RChain	rchain
TNB	Time New Bank	time-new-bank
ENG	Enigma	enigma-project
XDN	DigitalNote	digitalnote
NXT	Nxt	nxt
BTCD	BitcoinDark	bitcoindark
QSP	Quantstamp	quantstamp
MONA	MonaCoin	monacoin
MAID	MaidSafeCoin	maidsafecoin
GBYTE	Byteball Bytes	byteball
LINK	ChainLink	chainlink
GAS	Gas	gas
SYS	Syscoin	syscoin
COB	Cobinhood	cobinhood
SAN	Santiment Net...	santiment
RPX	Red Pulse	red-pulse
DGD	DigixDAO	digixdao
ICN	Iconomi	iconomi
PAY	TenX	tenx
XZC	ZCoin	zcoin
GNO	Gnosis	gnosis-gno
DBC	DeepBrain Chain	deepbrain-chain
VEE	BLOCKv	blockv
POE	Po.et	poet
PAC	PACcoin	paccoin
LEND	ETHLend	ethlend
WTC	Walton	walton
CVC	Civic	civic
RDN	Raiden Networ...	raiden-network-token
ZCL	ZClassic	zclassic
MED	Medibloc	medibloc
BNT	Bancor	bancor
STORM	Storm	storm
GAME	GameCredits	gamecredits
ACT	Achain	achain
GXS	GXShares	gxshares
ENJ	Enjin Coin	enjin-coin
PLR	Pillar	pillar
VTC	Vertcoin	vertcoin
STORJ	Storj	storj
UKG	Unikoin Gold	unikoin-gold
SKY	Skycoin	skycoin
SNGLS	SingularDTV	singulardtv
SMART	SmartCash	smartcash
XBY	XTRABYTES	xtrabytes
MANA	Decentraland	decentraland
UBQ	Ubiq	ubiq
NAV	NAV Coin	nav-coin
MCO	Monaco	monaco
CND	Cindicator	cindicator
CNX	Cryptonex	cryptonex
BAY	BitBay	bitbay
BLOCK	Blocknet	blocknet
XPA	XPlay	xplay
R	Revain	revain
CMT	CyberMiles	cybermiles
CTR	Centra	centra
ATM	ATMChain	attention-token-of-media
SNM	SONM	sonm
ANT	Aragon	aragon
EDG	Edgeless	edgeless
DTR	Dynamic Tradi...	dynamic-trading-rights
ITC	IoT Chain	iot-chain
MOD	Modum	modum
SRN	SIRIN LABS Token	sirin-labs-token
RCN	Ripio Credit ...	ripio-credit-network
DATA	Streamr DATAcoin	streamr-datacoin
PPP	PayPie	paypie
AMB	Ambrosus	amber
EMC	Emercoin	emercoin
AST	AirSwap	airswap
DNT	district0x	district0x
FLASH	Flash	flash
BCO	BridgeCoin	bridgecoin
ADX	AdEx	adx-net
RLC	iExec RLC	rlc
MGO	MobileGo	mobilego
PART	Particl	particl
TRIG	Triggers	triggers
EMC2	Einsteinium	einsteinium
ST	Simple Token	simple-token
XSH	SHIELD	shield-xsh
WABI	WaBi	wabi
1ST	FirstBlood	firstblood
HST	Decision Token	decision-token
BRD	Bread	bread
XCP	Counterparty	counterparty
WINGS	Wings	wings
BURST	Burst	burst
NULS	Nuls	nuls
TNT	Tierion	tierion
ETP	Metaverse ETP	metaverse
PPC	Peercoin	peercoin
MOON	Mooncoin	mooncoin
EDO	Eidoo	eidoo
FUEL	Etherparty	etherparty
ZEN	ZenCash	zencash
MLN	Melon	melon
VIA	Viacoin	viacoin
THC	HempCoin	hempcoin
AGRS	Agoras Tokens	agoras-tokens
UTK	UTRUST	utrust
QRL	Quantum Resis...	quantum-resistant-ledger
LBC	LBRY Credits	library-credit
DCT	DECENT	decent
SPANK	SpankChain	spankchain
RISE	Rise	rise
MTL	Metal	metal
PURA	Pura	pura
XAS	Asch	asch
CLOAK	CloakCoin	cloakcoin
GVT	Genesis Vision	genesis-vision
AEON	Aeon	aeon
VOX	Voxels	voxels
SHIFT	Shift	shift
CDT	CoinDash	coindash
PRL	Oyster Pearl	oyster-pearl
LA	LAToken	latoken
WGR	Wagerr	wagerr
COSS	COSS	coss
GRS	Groestlcoin	groestlcoin
ADT	adToken	adtoken
GTO	Gifto	gifto
PRE	Presearch	presearch
JINN	Jinn	jinn
NLG	Gulden	gulden
FTC	Feathercoin	feathercoin
SNOV	Snovio	snovio
YOYOW	YOYOW	yoyow
GRID	Grid+	grid
BNTY	Bounty0x	bounty0x
CFI	Cofound.it	cofound-it
GUP	Matchpool	guppy
DPY	Delphy	delphy
INK	Ink	ink
MTH	Monetha	monetha
TRST	WeTrust	trust
LUN	Lunyr	lunyr
SLS	SaluS	salus
VIB	Viberate	viberate
EVX	Everex	everex
LRC	Loopring	loopring
XSPEC	Spectrecoin	spectrecoin
UNITY	SuperNET	supernet-unity
IXT	iXledger	ixledger
IOC	I/O Coin	iocoin
AIR	AirToken	airtoken
DLT	Agrello	agrello-delta
MER	Mercury	mercury
NMC	Namecoin	namecoin
LIFE	LIFE	life
DAT	Datum	datum
TAAS	TaaS	taas
SLR	SolarCoin	solarcoin
AMP	Synereo	synereo
WRC	Worldcore	worldcore
BITCNY	bitCNY	bitcny
HMQ	Humaniq	humaniq
POT	PotCoin	potcoin
NLC2	NoLimitCoin	nolimitcoin
PEPECASH	Pepe Cash	pepe-cash
NYC	NewYorkCoin	newyorkcoin
VIBE	VIBE	vibe
PASC	Pascal Coin	pascal-coin
CRW	Crown	crown
PRO	Propy	propy
TIX	Blocktix	blocktix
TKN	TokenCard	tokencard
MNX	MinexCoin	minexcoin
DIME	Dimecoin	dimecoin
NET	Nimiq	nimiq
ELIX	Elixir	elixir
PAYX	Paypex	paypex
MINT	Mintcoin	mintcoin
BLK	BlackCoin	blackcoin
COLX	ColossusCoinXT	colossuscoinxt
DMD	Diamond	diamond
SNC	SunContract	suncontract
SIB	SIBCoin	sibcoin
ZSC	Zeusshield	zeusshield
RVT	Rivetz	rivetz
ECN	E-coin	e-coin
ECC	ECC	eccoin
XEL	Elastic	elastic
MDA	Moeda Loyalty...	moeda-loyalty-points
DNA	EncrypGen	encrypgen
BCPT	BlockMason Cr...	blockmason
NEU	Neumark	neumark
MYST	Mysterium	mysterium
PPY	Peerplays	peerplays-ppy
STX	Stox	stox
GRC	GridCoin	gridcoin
BITB	BitBean	bitbean
LOC	LockChain	lockchain
ION	ION	ion
MUSIC	Musicoin	musicoin
TGT	Target Coin	target-coin
CAG	Change	change
NMR	Numeraire	numeraire
XMY	Myriad	myriad
LMC	LoMoCoin	lomocoin
FAIR	FairCoin	faircoin
PBL	Publica	publica
EXP	Expanse	expanse
NEOS	NeosCoin	neoscoin
XWC	WhiteCoin	whitecoin
DRT	DomRaider	domraider
PHR	Phore	phore
MSP	Mothership	mothership
HEAT	HEAT	heat-ledger
OMNI	Omni	omni
DIVX	Divi	divi
ARN	Aeron	aeron
SPRTS	Sprouts	sprouts
FLIXX	Flixxo	flixxo
MUE	MonetaryUnit	monetaryunit
BTX	Bitcore	bitcore
GOLOS	Golos	golos
ONION	DeepOnion	deeponion
LKK	Lykke	lykke
NSR	NuShares	nushares
NIO	Autonio	autonio
HVN	Hive	hive
TIPS	FedoraCoin	fedoracoin
ATB	ATBCoin	atbcoin
BOT	Bodhi	bodhi
ESP	Espers	espers
XRL	Rialto	rialto
PKT	Playkey	playkey
OAX	OAX	oax
BLUE	BLUE	ethereum-blue
ART	Maecenas	maecenas
RADS	Radium	radium
EAC	EarthCoin	earthcoin
LINDA	Linda	linda
KICK	KickCoin	kickico
FLDC	FoldingCoin	foldingcoin
POLL	ClearPoll	clearpoll
NXC	Nexium	nexium
OK	OKCash	okcash
VOISE	Voise	voisecom
CREDO	Credo	credo
DOVU	Dovu	dovu
ECOB	Ecobit	ecobit
SBD	Steem Dollars	steem-dollars
ZOI	Zoin	zoin
VRC	VeriCoin	vericoin
RBY	Rubycoin	rubycoin
GCR	Global Curren...	global-currency-reserve
GEO	GeoCoin	geocoin
ALIS	ALIS	alis
DBET	DecentBet	decent-bet
XNN	Xenon	xenon
SWT	Swarm City	swarm-city
PST	Primas	primas
COVAL	Circuits of V...	circuits-of-value
DTB	Databits	databits
PTOY	Patientory	patientory
HDG	Hedge	hedge
CRED	Verify	verify
BIS	Bismuth	bismuth
PRG	Paragon	paragon
GAM	Gambit	gambit
CLAM	Clams	clams
IFT	InvestFeed	investfeed
INCNT	Incent	incent
POSW	PoSW Coin	posw-coin
XST	Stealthcoin	stealthcoin
OTN	Open Trading ...	open-trading-network
PINK	PinkCoin	pinkcoin
QAU	Quantum	quantum
ORME	Ormeus Coin	ormeus-coin
AVT	Aventus	aventus
WCT	Waves Communi...	waves-community-token
BMC	Blackmoon Crypto	blackmoon-crypto
GMT	Mercury Protocol	mercury-protocol
SPF	SportyFi	sportyfi
FLO	FlorinCoin	florincoin
DBIX	DubaiCoin	dubaicoin-dbix
MYB	MyBit Token	mybit-token
CARBON	Carboncoin	carboncoin
BQ	bitqy	bitqy
TFL	TrueFlip	trueflip
PLBT	Polybius	polybius
IOP	Internet of P...	internet-of-people
ENRG	Energycoin	energycoin
OCT	OracleChain	oraclechain
TIME	Chronobank	chronobank
BCAP	BCAP	bcap
SOAR	Soarcoin	soarcoin
HUSH	Hush	hush
ODN	Obsidian	obsidian
BBR	Boolberry	boolberry
XLR	Solaris	solaris
BSD	BitSend	bitsend
SEQ	Sequence	sequence
OPT	Opus	opus
BET	DAO.Casino	dao-casino
BITUSD	bitUSD	bitusd
PND	Pandacoin	pandacoin-pnd
SPR	SpreadCoin	spreadcoin
NOBL	NobleCoin	noblecoin
CVCOIN	CVCoin	cvcoin
XPM	Primecoin	primecoin
ZEIT	Zeitcoin	zeitcoin
QWARK	Qwark	qwark
ABY	ArtByte	artbyte
BTM	Bitmark	bitmark
PIX	Lampix	lampix
1337	1337	1337coin
CSNO	BitDice	bitdice
FRST	FirstCoin	firstcoin
CAT	BlockCAT	blockcat
CURE	Curecoin	curecoin
DICE	Etheroll	etheroll
BCY	Bitcrystals	bitcrystals
XVC	Vcash	vcash
ICOS	ICOS	icos
ALQO	ALQO	alqo
NTRN	Neutron	neutron
BRK	Breakout	breakout
DOPE	DopeCoin	dopecoin
WISH	MyWish	mywish
UFR	Upfiring	upfiring
RMC	Russian Miner...	russian-mining-coin
CANN	CannabisCoin	cannabiscoin
TX	TransferCoin	transfercoin
SPHR	Sphere	sphere
OXY	Oxycoin	oxycoin
NVST	NVO	nvo
UNO	Unobtanium	unobtanium
SUMO	Sumokoin	sumokoin
OBITS	OBITS	obits
BWK	Bulwark	bulwark
WILD	Wild Crypto	wild-crypto
XUC	Exchange Union	exchange-union
SSS	Sharechain	sharechain
LEO	LEOcoin	leocoin
BUZZ	BuzzCoin	buzzcoin
PLU	Pluton	pluton
ETT	EncryptoTel [...	encryptotel
PFR	Payfair	payfair
SNRG	Synergy	synergy
PTC	Pesetacoin	pesetacoin
FYP	FlypMe	flypme
CRC	CrowdCoin	crowdcoin
STAK	STRAKS	straks
DRP	DCORP	dcorp
DOT	Dotcoin	dotcoin
VSX	Vsync	vsync-vsx
XMCC	Monoeci	monacocoin
INXT	Internxt	internxt
HYP	HyperStake	hyperstake
PRIX	Privatix	privatix
GLD	GoldCoin	goldcoin
XAUR	Xaurum	xaurum
SYNX	Syndicate	syndicate
MEME	Memetic / Pep...	memetic
ALT	Altcoin	altcoin-alt
LUX	LUXCoin	luxcoin
BELA	Bela	belacoin
2GIVE	2GIVE	2give
CRB	Creditbit	creditbit
BLITZ	Blitzcash	blitzcash
ITNS	IntenseCoin	intensecoin
ATMS	Atmos	atmos
ZNY	Bitzeny	bitzeny
HBT	Hubii Network	hubii-network
NOTE	DNotes	dnotes
SEND	Social Send	social-send
XBC	Bitcoin Plus	bitcoin-plus
RKC	Royal Kingdom...	royal-kingdom-coin
BRX	Breakout Stake	breakout-stake
SXC	Sexcoin	sexcoin
EBST	eBoost	eboostcoin
START	Startcoin	startcoin
GBX	GoByte	gobyte
TCC	The ChampCoin	the-champcoin
BDL	Bitdeal	bitdeal
AUR	Auroracoin	auroracoin
B2B	B2B	b2bx
VRM	VeriumReserve	veriumreserve
UNIT	Universal Cur...	universal-currency
QRK	Quark	quark
PIRL	Pirl	pirl
ARC	Arcade Token	arcade-token
AC	AsiaCoin	asiacoin
KORE	Kore	korecoin
NVC	Novacoin	novacoin
APX	APX	apx
SCL	Social	social
USNBT	NuBits	nubits
INN	Innova	innova
RUP	Rupee	rupee
IND	Indorse Token	indorse-token
HGT	HelloGold	hellogold
IXC	Ixcoin	ixcoin
QVT	Qvolta	qvolta
TZC	TrezarCoin	trezarcoin
HWC	HollyWoodCoin	hollywoodcoin
RIC	Riecoin	riecoin
PURE	Pure	pure
UFO	UFO Coin	ufo-coin
TOA	ToaCoin	toacoin
EXCL	ExclusiveCoin	exclusivecoin
BBT	BitBoost	bitboost
MTNC	Masternodecoin	masternodecoin
BTDX	Bitcloud	bitcloud
REAL	REAL	real
REX	REX	real-estate-tokens
PKB	ParkByte	parkbyte
ZEPH	Zephyr	zephyr
CHC	ChainCoin	chaincoin
DFS	DFSCoin	dfscoin
CMPCO	CampusCoin	campuscoin
ERO	Eroscoin	eroscoin
ADST	AdShares	adshares
VTR	vTorrent	vtorrent
EDR	E-Dinar Coin	e-dinar-coin
PGL	Prospectors Gold	prospectors-gold
VSL	vSlice	vslice
PDC	Project Decorum	project-decorum
BUN	BunnyCoin	bunnycoin
ANC	Anoncoin	anoncoin
BTCZ	BitcoinZ	bitcoinz
XMG	Magi	magi
ASTRO	Astro	astro
TRUST	TrustPlus	trustplus
VIVO	VIVO	vivo
ERC	EuropeCoin	europecoin
BPL	Blockpool	blockpool
PUT	PutinCoin	putincoin
PZM	PRIZM	prizm
MAG	Magnet	magnet
UNIFY	Unify	unify
FOR	FORCE	force
ELLA	Ellaism	ellaism
DYN	Dynamic	dynamic
DGPT	DigiPulse	digipulse
STU	bitJob	student-coin
CRAVE	Crave	crave
DCY	Dinastycoin	dinastycoin
ELTCOIN	ELTCOIN	eltcoin
XGOX	XGOX	xgox
GRE	Greencoin	greencoin
EGC	EverGreenCoin	evergreencoin
ADC	AudioCoin	audiocoin
BON	Bonpay	bonpay
FRD	Farad	farad
CREA	Creativecoin	creativecoin
TRC	Terracoin	terracoin
HOLD	Interstellar ...	interstellar-holdings
MZC	MazaCoin	mazacoin
PING	CryptoPing	cryptoping
WDC	WorldCoin	worldcoin
CHIPS	CHIPS	chips
EQT	EquiTrader	equitrader
DNR	Denarius	denarius-dnr
LDOGE	LiteDoge	litedoge
ATL	ATLANT	atlant
ZRC	ZrCoin	zrcoin
TKS	Tokes	tokes
HUC	HunterCoin	huntercoin
GOOD	Goodomy	goodomy
KRB	Karbo	karbowanec
SWIFT	Bitswift	bitswift
ONG	onG.social	ongsocial
XFT	Footy Cash	footy-cash
AHT	Bowhead	bowhead
EBTC	eBitcoin	ebtcnew
MXT	MarteXcoin	martexcoin
MBRS	Embers	embers
XCN	Cryptonite	cryptonite
B3	B3Coin	b3coin
BLU	BlueCoin	bluecoin
REC	Regalcoin	regalcoin
FJC	FujiCoin	fujicoin
SMART	SmartBillions	smartbillions
NDC	NEVERDIE	neverdie
YOC	Yocoin	yocoin
ERC20	ERC20	erc20
ARC	ArcticCoin	arcticcoin
FLT	FlutterCoin	fluttercoin
GIM	Gimli	gimli
EPY	Emphy	emphy
FUNK	The Cypherfunks	the-cypherfunks
EFYT	Ergo	ergo
LINX	Linx	linx
OTX	Octanox	octanox
EFL	e-Gulden	e-gulden
CFT	CryptoForecast	cryptoforecast
MCAP	MCAP	mcap
EBET	EthBet	ethbet
CTX	CarTaxi Token	cartaxi-token
NET	NetCoin	netcoin
HAT	Hawala.Today	hawala-today
DP	DigitalPrice	digitalprice
GCC	TheGCCcoin	thegcccoin
MOIN	Moin	moin
CBX	Crypto Bullion	cryptogenic-bullion
FLIK	FLiK	flik
ETBS	Ethbits	ethbits
BYC	Bytecent	bytecent
GUN	Guncoin	guncoin
MRT	Miners&#39; Rewar...	miners-reward-token
XCPO	Copico	copico
PBT	Primalbase Token	primalbase
DFT	DraftCoin	draftcoin
DAR	Darcrus	darcrus
PROC	ProCurrency	procurrency
MEC	Megacoin	megacoin
RAIN	Condensate	condensate
STA	Starta	starta
GRWI	Growers Inter...	growers-international
IFLT	InflationCoin	inflationcoin
OCL	Oceanlab	oceanlab
SMC	SmartCoin	smartcoin
ENT	Eternity	eternity
FST	Fastcoin	fastcoin
KLN	Kolion	kolion
ZER	Zero	zero
ADZ	Adzcoin	adzcoin
RNS	Renos	renos
MNE	Minereum	minereum
FYN	FundYourselfNow	fundyourselfnow
BASH	LuckChain	luckchain
SKIN	SkinCoin	skincoin
ATS	Authorship	authorship
V	Version	version
ADL	Adelphoi	adelphoi
DAXX	DaxxCoin	daxxcoin
ELE	Elementrem	elementrem
TTC	TittieCoin	tittiecoin
UNB	UnbreakableCoin	unbreakablecoin
XPD	PetroDollar	petrodollar
UIS	Unitus	unitus
BRO	Bitradio	bitradio
FC2	FuelCoin	fuelcoin
INFX	Influxcoin	influxcoin
INSN	InsaneCoin	insanecoin-insn
BTA	Bata	bata
PIPL	PiplCoin	piplcoin
NETKO	Netko	netko
TRUMP	TrumpCoin	trumpcoin
CNT	Centurion	centurion
NUKO	Nekonium	nekonium
XLC	LeviarCoin	leviarcoin
CDN	Canada eCoin	canada-ecoin
ZET	Zetacoin	zetacoin
LGD	Legends Room	legends-room
DSR	Desire	desire
ZENI	Zennies	zennies
KEK	KekCoin	kekcoin
SGR	Sugar Exchange	sugar-exchange
CFD	Confido	confido
XCXT	CoinonatX	coinonatx
DAI	Dai	dai
CCT	Crystal Clear 	crystal-clear
TES	TeslaCoin	teslacoin
KURT	Kurrent	kurrent
CRM	Cream	cream
TRCT	Tracto	tracto
PIGGY	Piggycoin	piggycoin
HTC	HitCoin	hitcoin
LANA	LanaCoin	lanacoin
ARI	Aricoin	aricoin
TROLL	Trollcoin	trollcoin
VISIO	Visio	visio
ICOO	ICO OpenLedger	ico-openledger
ATOM	Atomic Coin	atomic-coin
RC	RussiaCoin	russiacoin
XBL	Billionaire T...	billionaire-token
BBP	BiblePay	biblepay
RBT	Rimbit	rimbit
TIT	Titcoin	titcoin
DGC	Digitalcoin	digitalcoin
SMLY	SmileyCoin	smileycoin
FCN	Fantomcoin	fantomcoin
ACC	Accelerator N...	accelerator-network
DRXNE	DROXNE	droxne
KOBO	Kobocoin	kobocoin
ZCG	Zlancer	zcash-gold
I0C	I0Coin	i0coin
MAC	Machinecoin	machinecoin
UTC	UltraCoin	ultracoin
NYAN	Nyancoin	nyancoin
WHL	WhaleCoin	whalecoin
TRI	Triangles	triangles
LOG	Woodcoin	woodcoin
WGO	WavesGo	wavesgo
Q2C	QubitCoin	qubitcoin
FUCK	FuckToken	fucktoken
CPC	Capricoin	capricoin
STRC	StarCredits	starcredits
PASL	Pascal Lite	pascal-lite
CJ	Cryptojacks	cryptojacks
XIOS	Xios	xios
BTCS	Bitcoin Scrypt	bitcoin-scrypt
HBN	HoboNickels	hobonickels
TOKEN	SwapToken	swaptoken
SAGA	SagaCoin	sagacoin
BRIT	BritCoin	britcoin
NTO	Fujinto	fujinto
42	42-coin	42-coin
XPTX	PlatinumBAR	platinumbar
BITS	Bitstar	bitstar
KLC	KiloCoin	kilocoin
BLAS	BlakeStar	blakestar
BPC	Bitpark Coin	bitpark-coin
LNK	Link Platform	link-platform
ROC	Rasputin Onli...	rasputin-online-coin
HPC	Happycoin	happycoin
BTB	BitBar	bitbar
POS	PoSToken	postoken
OPAL	Opal	opal
BLOCKPAY	BlockPay	blockpay
MBI	Monster Byte	monster-byte
DEM	Deutsche eMark	deutsche-emark
HODL	HOdlcoin	hodlcoin
ORB	Orbitcoin	orbitcoin
AU	AurumCoin	aurumcoin
COAL	BitCoal	bitcoal
BIGUP	BigUp	bigup
MAX	MaxCoin	maxcoin
GB	GoldBlocks	goldblocks
TRK	Truckcoin	truckcoin
RIYA	Etheriya	etheriya
SIGT	Signatum	signatum
RED	RedCoin	redcoin
BOLI	Bolivarcoin	bolivarcoin
SOON	SoonCoin	sooncoin
PXC	Phoenixcoin	phoenixcoin
ALTCOM	AltCommunity ...	altcommunity-coin
CCN	CannaCoin	cannacoin
CORG	CorgiCoin	corgicoin
ONX	Onix	onix
XJO	Joulecoin	joulecoin
LBTC	LiteBitcoin	litebitcoin
TRDT	Trident Group	trident
KUSH	KushCoin	kushcoin
DDF	DigitalDevelo...	digital-developers-fund
XPY	PayCoin	paycoin2
SDRN	Senderon	senderon
XCT	C-Bit	c-bit
YTN	YENTEN	yenten
SUPER	SuperCoin	supercoin
XHI	HiCoin	hicoin
8BIT	8Bit	8bit
VIDZ	PureVidz	purevidz
BXT	BitTokens	bittokens
TKR	CryptoInsight	trackr
BTCRED	Bitcoin Red	bitcoin-red
USC	Ultimate Secu...	ultimate-secure-cash
AMS	AmsterdamCoin	amsterdamcoin
C2	Coin2.1	coin2-1
CV2	Colossuscoin V2	colossuscoin-v2
HAL	Halcyon	halcyon
4CHN	ChanCoin	chancoin
XRA	Ratecoin	ratecoin
DSH	Dashcoin	dashcoin
FNC	FinCoin	fincoin
WTT	Giga Watt Token	giga-watt-token
CCO	Ccore	ccore
UNI	Universe	universe
ETG	Ethereum Gold	ethereum-gold
AMBER	AmberCoin	ambercoin
VLT	Veltor	veltor
MNM	Mineum	mineum
GAIA	GAIA	gaia
888	OctoCoin	octocoin
PCOIN	Pioneer Coin	pioneer-coin
PAK	Pakcoin	pakcoin
BUCKS	SwagBucks	swagbucks
EVIL	Evil Coin	evil-coin
BCF	Bitcoin Fast	bitcoinfast
GTC	Global Tour Coin	global-tour-coin
DIX	Dix Asset	dix-asset
ABJ	Abjcoin	abjcoin
JET	Jetcoin	jetcoin
CNO	Coin(O)	coin
MONK	Monkey Project	monkey-project
RLT	RouletteToken	roulettetoken
STARS	StarCash Network	starcash-network
HONEY	Honey	honey
TAG	TagCoin	tagcoin
UNY	Unity Ingot	unity-ingot
LCP	Litecoin Plus	litecoin-plus
STS	Stress	stress
HERO	Sovereign Hero	sovereign-hero
KAYI	Kayicoin	kayicoin
TEK	TEKcoin	tekcoin
ITI	iTicoin	iticoin
EMD	Emerald Crypto	emerald
MCRN	MACRON	macron
SPACE	SpaceCoin	spacecoin
BTSR	BTSR	btsr
LTB	LiteBar	litebar
VOT	VoteCoin	votecoin
MARS	Marscoin	marscoin
RBX	Ripto Bux	ripto-bux
UNIC	UniCoin	unicoin
GAP	Gapcoin	gapcoin
BITBTC	bitBTC	bitbtc
XGR	GoldReserve	goldreserve
CCRB	CryptoCarbon	cryptocarbon
PR	Prototanium	prototanium
AMMO	Ammo Reloaded	ammo-rewards
TSE	Tattoocoin (S...	tattoocoin
BERN	BERNcash	berncash
NTWK	Network Token	network-token
EOT	EOT Token	eot-token
BLC	Blakecoin	blakecoin
MAD	SatoshiMadness	satoshimadness
MOJO	MojoCoin	mojocoin
SWING	Swing	swing
CAT	Catcoin	catcoin
CHESS	ChessCoin	chesscoin
ZZC	ZoZoCoin	zozocoin
POST	PostCoin	postcoin
VAL	Valorbit	valorbit
BTCR	Bitcurrency	bitcurrency
EBCH	eBitcoinCash	ebitcoin-cash
TGC	Tigercoin	tigercoin
XRE	RevolverCoin	revolvercoin
BTWTY	Bit20	bit20
MOTO	Motocoin	motocoin
DALC	Dalecoin	dalecoin
GRIM	Grimcoin	grimcoin
EL	Elcoin	elcoin-el
BSTY	GlobalBoost-Y	globalboost-y
GLC	GlobalCoin	globalcoin
KED	Darsek	darsek
SLG	Sterlingcoin	sterlingcoin
CUBE	DigiCube	digicube
KRONE	Kronecoin	kronecoin
ICOB	ICOBID	icobid
QTL	Quatloo	quatloo
NRO	Neuro	neuro
VUC	Virta Unique ...	virta-unique-coin
SRC	SecureCoin	securecoin
GRT	Grantcoin	grantcoin
SOIL	SOILcoin	soilcoin
STV	Sativacoin	sativacoin
ICN	iCoin	icoin
ZUR	Zurcoin	zurcoin
ARG	Argentum	argentum
ETHD	Ethereum Dark	ethereum-dark
EGAS	ETHGAS	ethgas
ECASH	Ethereum Cash	ethereumcash
DUO	ParallelCoin	parallelcoin
ERY	Eryllium	eryllium
EUC	Eurocoin	eurocoin
EREAL	eREAL	ereal
AIB	Advanced Inte...	advanced-internet-blocks
CRX	Chronos	chronos
IETH	iEthereum	iethereum
CACH	CacheCoin	cachecoin
PXI	Prime-XI	prime-xi
PX	PX	px
SHDW	Shadow Token	shadow-token
MAR	Marijuanacoin	marijuanacoin
HNC	Helleniccoin	helleniccoin
BAS	BitAsean	bitasean
BNX	BnrtxCoin	bnrtxcoin
BRAT	BROTHER	brat
CON	PayCon	paycon
IMS	Independent M...	independent-money-system
UNITS	GameUnits	gameunits
PHS	Philosopher S...	philosopher-stones
HXX	Hexx	hexx
BTG	Bitgem	bitgem
CNNC	Cannation	cannation
MTLMC3	Metal Music Coin	metal-music-coin
XVP	Virtacoinplus	virtacoinplus
EVO	Evotion	evotion
CMT	Comet	comet
ECO	EcoCoin	ecocoin
EAGLE	EagleCoin	eaglecoin
ICE	iDice	idice
CXT	Coinonat	coinonat
XCO	X-Coin	x-coin
JIN	Jin Coin	jin-coin
BUMBA	BumbaCoin	bumbacoin
SPEX	SproutsExtreme	sproutsextreme
VLTC	Vault Coin	vault-coin
FUNC	FUNCoin	funcoin
$$$	Money	money
GP	GoldPieces	goldpieces
HMP	HempCoin	hempcoin-hmp
XCRE	Creatio	creatio
ARCO	AquariusCoin	aquariuscoin
BITSILVER	bitSilver	bitsilver
RPC	RonPaulCoin	ronpaulcoin
VC	VirtualCoin	virtualcoin
REE	ReeCoin	reecoin
BOAT	BOAT	doubloon
GLT	GlobalToken	globaltoken
ZMC	ZetaMicron	zetamicron
GPU	GPU Coin	gpu-coin
ACOIN	Acoin	acoin
SCORE	Scorecoin	scorecoin
TAJ	TajCoin	tajcoin
611	SixEleven	sixeleven
CPN	CompuCoin	compucoin
RUPX	Rupaya	rupaya
FUZZ	FuzzBalls	fuzzballs
GPL	Gold Pressed ...	gold-pressed-latinum
ALL	Allion	allion
FLAX	Flaxscript	flaxscript
USDE	USDe	usde
BIP	BipCoin	bipcoin
SFC	Solarflarecoin	solarflarecoin
NEVA	NevaCoin	nevacoin
XCS	CybCSec	cybcsec
XBTS	Beatcoin	beatcoin
PIE	PIECoin	piecoin
MAY	Theresa May Coin	theresa-may-coin
SPT	Spots	spots
BITGOLD	bitGold	bitgold
BENJI	BenjiRolls	benjirolls
LEA	LeaCoin	leacoin
COXST	CoExistCoin	coexistcoin
RMC	Remicoin	remicoin
IMX	Impact	impact
BLN	Bolenum	bolenum
AERM	Aerium	aerium
QCN	QuazarCoin	quazarcoin
MST	MustangCoin	mustangcoin
SONG	SongCoin	songcoin
LUNA	Luna Coin	luna-coin
BTPL	Bitcoin Planet	bitcoin-planet
DRS	Digital Rupees	digital-rupees
WORM	HealthyWormCoin	healthywormcoin
E4ROW	E4ROW	ether-for-the-rest-of-the-world
ASAFE2	AllSafe	allsafe
300	300 Token	300-token
OFF	Cthulhu Offer...	cthulhu-offerings
PULSE	Pulse	pulse
CWXT	CryptoWorldX ...	cryptoworldx-token
ROOFS	Roofs	roofs
CF	Californium	californium
MSCN	Master Swiscoin	master-swiscoin
SOCC	SocialCoin	socialcoin-socc
ICON	Iconic	iconic
EXN	ExchangeN	exchangen
PRX	Printerium	printerium
WBB	Wild Beast Block	wild-beast-block
WOMEN	WomenCoin	women
SLEVIN	Slevin	slevin
BITEUR	bitEUR	biteur
QBC	Quebecoin	quebecoin
TYCHO	Tychocoin	tychocoin
UET	Useless Ether...	useless-ethereum-token
MILO	MiloCoin	milocoin
ATX	Artex Coin	artex-coin
PRC	PRCoin	prcoin
DOLLAR	Dollar Online	dollar-online
VPRC	VapersCoin	vaperscoin
PLACO	PlayerCoin	playercoin
XBTC21	Bitcoin 21	bitcoin-21
CRDNC	Credence Coin	credence-coin
JS	JavaScript Token	javascript-token
PEX	PosEx	posex
BIOS	BiosCrypto	bios-crypto
CTIC3	Coimatic 3.0	coimatic-3
LTCU	LiteCoin Ultra	litecoin-ultra
BSTAR	Blackstar	blackstar
DIBC	DIBCOIN	dibcoin
ACP	AnarchistsPrime	anarchistsprime
FXE	FuturXe	futurexe
LTCR	Litecred	litecred
GEERT	GeertCoin	geertcoin
ARGUS	Argus	argus
VRS	Veros	veros
CREVA	CrevaCoin	crevacoin
ELS	Elysium	elysium
JOBS	JobsCoin	jobscoin
KNC	KingN Coin	kingn-coin
LVPS	LevoPlus	levoplus
RIDE	Ride My Car	ride-my-car
SCS	Speedcash	speedcash
CTIC2	Coimatic 2.0	coimatic-2
ALTC	Antilitecoin	antilitecoin
AGLC	AgrolifeCoin	agrolifecoin
XRC	Rawcoin	rawcoin2
VOLT	Bitvolt	bitvolt
CAB	Cabbage	cabbage
MGM	Magnum	magnum
SANDG	Save and Gain	save-and-gain
NODC	NodeCoin	nodecoin
GSR	GeyserCoin	geysercoin
ZNE	Zonecoin	zonecoin
P7C	P7Coin	p7coin
NANOX	Project-X	project-x
TSTR	Tristar Coin	tristar-coin
SLFI	Selfiecoin	selfiecoin
XNG	Enigma	enigma
HMC	HarmonyCoin	harmonycoin-hmc
EBT	Ebittree Coin	ebittree-coin
DGCS	Digital Credits	digital-credits
DMB	Digital Money...	digital-money-bits
ABN	Abncoin	abncoin
CALC	CaliphCoin	caliphcoin
ECA	Electra	electra
PHO	Photon	photon
GCN	GCoin	gcoin
VTA	Virtacoin	virtacoin
NKA	IncaKoin	incakoin
XTO	Tao	tao
808	808Coin	808coin
RUSTBITS	Rustbits	rustbits
INPAY	InPay	inpay
YASH	YashCoin	yashcoin
SIFT	Smart Investm...	smart-investment-fund-token
CRYPT	CryptCoin	cryptcoin
EMV	Ethereum Movi...	ethereum-movie-venture
FIMK	FIMKrypto	fimkrypto
MNC	Mincoin	mincoin
POP	PopularCoin	popularcoin
LOT	LottoCoin	lottocoin
SHORTY	Shorty	shorty
JNS	Janus	janus
B@	Bankcoin	bankcoin
SDC	ShadowCash	shadowcash
METAL	MetalCoin	metalcoin
ITZ	Interzone	interzone
ITT	Intelligent T...	intelligent-trading-tech
MRJA	GanjaCoin	ganjacoin
WYV	Wyvern	wyvern
BRIA	BriaCoin	briacoin
BLZ	BlazeCoin	blazecoin
WAY	WayGuide	wayguide
SCRT	SecretCoin	secretcoin
NEWB	Newbium	newbium
MUT	Mutual Coin	mutual-coin
CASINO	Casino	casino
MAO	Mao Zedong	mao-zedong
FLY	Flycoin	flycoin
SH	Shilling	shilling
TALK	BTCtalkcoin	btctalkcoin
J	Joincoin	joincoin
ISL	IslaCoin	islacoin
FRC	Freicoin	freicoin
RBIES	Rubies	rubies
CYP	Cypher	cypher
SLING	Sling	sling
BITZ	Bitz	bitz
MEOW	Kittehcoin	kittehcoin
FRK	Franko	franko
FIRE	Firecoin	firecoin
WMC	WMCoin	wmcoin
SAC	SACoin	sacoin
YAC	Yacoin	yacoin
ANTI	AntiBitcoin	antibitcoin
DLC	Dollarcoin	dollarcoin
CTO	Crypto	crypto
VEC2	VectorAI	vector
BOST	BoostCoin	boostcoin
WARP	WARP	warp
GCC	GuccioneCoin	guccionecoin
URC	Unrealcoin	unrealcoin
URO	Uro	uro
VIP	VIP Tokens	vip-tokens
DES	Destiny	destiny
PLNC	PLNcoin	plncoin
DBTC	Debitcoin	debitcoin
FLVR	FlavorCoin	flavorcoin
QBK	Qibuck Asset	qibuck-asset
TOR	Torcoin	torcoin-tor
BTQ	BitQuark	bitquark
BVC	BeaverCoin	beavercoin
DRM	Dreamcoin	dreamcoin
BRAIN	Braincoin	braincoin
STEPS	Steps	steps
BLRY	BillaryCoin	billarycoin
JWL	Jewels	jewels
ZYD	Zayedcoin	zayedcoin
MND	MindCoin	mindcoin
GBT	GameBet Coin	gamebet-coin
ADCN	Asiadigicoin	asiadigicoin
EGO	EGO	ego
G3N	G3N	genstake
RSGP	RSGPcoin	rsgpcoin
MRNG	MorningStar	morningstar-payments
ORLY	Orlycoin	orlycoin
BSC	BowsCoin	bowscoin
MTM	MTMGaming	mtmgaming
IMPS	ImpulseCoin	impulsecoin
CESC	CryptoEscudo	cryptoescudo
DLISK	DAPPSTER	dappster
ARB	ARbit	arbit
TAGR	TAGRcoin	tagrcoin
CRT	CRTCoin	crtcoin
CASH	Cashcoin	cashcoin
OS76	OsmiumCoin	osmiumcoin
HVCO	High Voltage	high-voltage
PONZI	PonziCoin	ponzicoin
LIR	LetItRide	letitride
CRTM	Corethum	corethum
XOC	Xonecoin	xonecoin
IBANK	iBank	ibank
FRAZ	Frazcoin	frazcoin
GBC	GBCGoldCoin	gbcgoldcoin
BIOB	BioBar	biobar
CCM100	CCMiner	ccminer
SDP	SydPak	sydpak
LEX	Lex4All	lex4all
CONX	Concoin	concoin
SOJ	Sojourn	sojourn
ULA	Ulatech	ulatech
PIZZA	PizzaCoin	pizzacoin
OCEAN	BurstOcean	burstocean
APW	AppleCoin	applecoin-apw
APPC	AppCoins	appcoins
ATMC	ATMCoin	atmcoin
NAS	Nebulas	nebulas-token
GNX	Genaro Network	genaro-network
SMT	SmartMesh	smartmesh
CAN	CanYaCoin	canyacoin
MDS	MediShares	medishares
GTC	Game	game
BIX	Bibox Token	bibox-token
BCD	Bitcoin Diamond	bitcoin-diamond
QLC	QLINK	qlink
MOT	Olympus Labs	olympus-labs
TSL	Energo	energo
AMM	MicroMoney	micromoney
SPHTX	SophiaTX	sophiatx
HTML	HTMLCOIN	html-coin
CAT	BitClave	bitclave
DEW	DEW	dew
ACE	Ace	ace
HPY	Hyper Pay	hyper-pay
QBT	Qbao	qbao
PRO	ProChain	prochain
BCX	BitcoinX [Fut...	bitcoinx
SBTC	Super Bitcoin	super-bitcoin
IGNIS	Ignis	ignis
SHND	StrongHands	stronghands
DIM	DIMCOIN	dimcoin
INF	InfChain	infchain
NGC	NAGA	naga
B2X	SegWit2x [Fut...	segwit2x
CAPP	Cappasity	cappasity
FRGC	Fargocoin	fargocoin
CLUB	ClubCoin	clubcoin
ENT	ENTCash	entcash
LLT	LLToken	lltoken
XTZ	Tezos (Pre-La...	tezos
CMS	COMSA [ETH]	comsa-eth
MKR	Maker	maker
BIG	BigONE Token	bigone-token
UGT	UG Token	ug-token
FIL	Filecoin [Fut...	filecoin
WC	WINCOIN	win-coin
SFE	SafeCoin	safecoin
TAU	Lamden	lamden
VIU	Viuly	viuly
CMS	COMSA [XEM]	comsa-xem
GBG	Golos Gold	golos-gold
BTCA	Bitair	bitair
HBC	HomeBlockCoin	homeblockcoin
HTML5	HTML5COIN	htmlcoin
EAG	EA Coin	ea-coin
XID	Sphre AIR 	sphre-air
IFC	Infinitecoin	infinitecoin
LBTC	Lightning Bit...	lightning-bitcoin
IRL	IrishCoin	irishcoin
BTE	BitSerial	bitserial
BCDN	BlockCDN	blockcdn
KARMA	Karmacoin	karmacoin
QBT	Cubits	cubits
ESC	Escroco	escoro
UQC	Uquid Coin	uquid-coin
BSR	BitSoar	bitsoar
UBTC	United Bitcoin	united-bitcoin
TOK	Tokugawa	tokugawa
COUPE	Coupecoin	coupecoin
XIN	Infinity Econ...	infinity-economics
DAV	DavorCoin	davorcoin
MAGN	Magnetcoin	magnetcoin
AI	POLY AI	poly-ai
TIE	TIES Network	ties-network
PLAY	HEROcoin	herocoin
VASH	VPNCoin	vpncoin
KBR	Kubera Coin	kubera-coin
GOLF	Golfcoin	golfcoin
GRX	GOLD Reward T...	gold-reward-token
ANI	Animecoin	animecoin
EXRN	EXRNchain	exrnchain
SBC	StrikeBitClub	strikebitclub
TER	TerraNova	terranova
SIGMA	SIGMAcoin	sigmacoin
SJCX	Storjcoin X	storjcoin-x
MAGE	MagicCoin	magiccoin
TURBO	TurboCoin	turbocoin
FDX	FidentiaX	fidentiax
SAFEX	Safe Exchange...	safe-exchange-coin
PLC	PlusCoin	pluscoin
BXC	Bitcedi	bitcedi
PCN	PeepCoin	peepcoin
CPAY	Cryptopay	cryptopay
ACC	AdCoin	adcoin
PYLNT	Pylon Network	pylon-network
WAND	WandX	wandx
STAR	Starbase	starbase
ZENGOLD	ZenGold	zengold
CYDER	Cyder	cyder
XSTC	Safe Trade Coin	safe-trade-coin
BOS	BOScoin	boscoin
MSD	MSD	msd
SUR	Suretly	suretly
DMC	DynamicCoin	dynamiccoin
ETT	EncryptoTel [...	encryptotel-eth
NEOG	NEO GOLD	neo-gold
THS	TechShares	techshares
MTX	Matryx	matryx
MGC	MergeCoin	mergecoin
TODAY	TodayCoin	todaycoin
TCOIN	T-coin	t-coin
BITOK	Bitok	bitok
SISA	SISA	sisa
PAYP	PayPeer	paypeer
PEC	Peacecoin	peacecoin
SHA	SHACoin	shacoin
FONZ	Fonziecoin	fonziecoin
BTCS	Bitcoin Silver	bitcoin-silver
TOP	TopCoin	topcoin
GAIN	UGAIN	ugain
BEST	BestChain	bestchain
VULC	Vulcano	vulcano
GAY	GAY Money	gaycoin
PLX	PlexCoin	plexcoin
MARX	MarxCoin	marxcoin
UR	UR	ur
DAY	Chronologic	chronologic
BT2	BT2 [CST]	bt2-cst
EVR	Everus	everus
BTCM	BTCMoon	btcmoon
SKR	Sakuracoin	sakuracoin
WIC	Wi Coin	wi-coin
BT1	BT1 [CST]	bt1-cst
PRN	Protean	protean
SCT	Soma	soma
ABC	Alphabit	alphabitcoinfund
FLAP	FlappyCoin	flappycoin
HDLB	HODL Bucks	hodl-bucks
LTG	LiteCoin Gold	litecoin-gold
MINEX	Minex	minex
WOW	Wowcoin	wowcoin
SKC	Skeincoin	skeincoin
DON	Donationcoin	donationcoin
IQT	iQuant	iquant
CYC	Cycling Coin	cycling-coin
XTD	XTD Coin	xtd-coin
FUDD	DimonCoin	dimoncoin
ACES	Aces	aces
EDRC	EDRCoin	edrcoin
MONEY	MoneyCoin	moneycoin
UNRC	UniversalRoya...	universalroyalcoin
COR	CORION	corion
SAK	Sharkcoin	sharkcoin
INDIA	India Coin	india-coin
MCI	Musiconomi	musiconomi
DUTCH	Dutch Coin	dutch-coin
WSX	WeAreSatoshi	wearesatoshi
FAP	FAPcoin	fapcoin
PNX	Phantomx	phantomx
YES	Yescoin	yescoin
ACN	Avoncoin	avoncoin
RYZ	ANRYZE	anryze
CMP	Compcoin	compcoin
RCN	Rcoin	rcoin
TRIA	Triaconta	triaconta
RUNNERS	Runners	runners
TELL	Tellurion	tellurion
FRN	Francs	francs
ELITE	Ethereum Lite	ethereum-lite
EUSD	eUSD	eusd
TEAM	TeamUp	teamup
FAZZ	Fazzcoin	fazzcoin
UNC	UNCoin	uncoin
WINK	Wink	wink
SKULL	Pirate Blocks	pirate-blocks
ASN	Aseancoin	aseancoin
STEX	STEX	stex
EVC	EventChain	eventchain
FID	BITFID	bitfid
ZSE	ZSEcoin	zsecoin
SND	Sand Coin	sand-coin
ZBC	Zilbercoin	zilbercoin
OX	OX Fina	ox-fina
RUPX	Rupaya [OLD]	rupaya-old
AKY	Akuya Coin	akuya-coin
HIGH	High Gain	high-gain
BLX	Blockchain Index	blockchain-index
ELC	Elacoin	elacoin
GLS	GlassCoin	glasscoin
APC	AlpaCoin	alpacoin
BTC2X	Bitcoin2x	bitcoin2x
FFC	FireFlyCoin	fireflycoin
PRIMU	Primulon	primulon
NAMO	NamoCoin	namocoin
PRES	President Trump	president-trump
DEUS	DeusCoin	deuscoin
BLAZR	BlazerCoin	blazercoin
HALLO	Halloween Coin	halloween-coin
BSN	Bastonet	bastonet
GRN	Granite	granitecoin
UAHPAY	UAHPay	uahpay
IPY	Infinity Pay	infinity-pay
BTBc	Bitbase	bitbase
LKC	LinkedCoin	linkedcoin
ANTX	Antimatter	antimatter
BIRDS	Birds	birds
X2	X2	x2
HNC	Huncoin	huncoin
DISK	DarkLisk	darklisk
EGOLD	eGold	egold
MCR	Macro	macro1
MONETA	Moneta	moneta2
LDCN	LandCoin	landcoin
CC	CyberCoin	cybercoin
LEPEN	LePen	lepen
DBG	Digital Bulli...	digital-bullion-gold
TOPAZ	Topaz Coin	topaz
PSY	Psilocybin	psilocybin
MAVRO	Mavro	mavro
NBIT	netBit	netbit
BUB	Bubble	bubble
GBRC	Global Busine...	global-business-revolution
SPORT	SportsCoin	sportscoin
HYTV	Hyper TV	hyper-tv
XOT	Internet of T...	internet-of-things
TCR	TheCreed	thecreed
IBTC	iBTC	ibtc
GARY	President Joh...	president-johnson
TESLA	TeslaCoilCoin	teslacoilcoin
BITCF	First Bitcoin...	first-bitcoin-capital
WA	WA Space	wa-space
10MT	10M Token	10mtoken
BIT	First Bitcoin	first-bitcoin
POKE	PokeCoin	pokecoin
HYPER	Hyper	hyper
RUBIT	RubleBit	rublebit
CASH	Cash Poker Pro	cash-poker-pro
REGA	Regacoin	regacoin
PDG	PinkDog	pinkdog
QORA	Qora	qora
PCS	Pabyosi Coin ...	pabyosi-coin-special
KASHH	KashhCoin	kashhcoin
EBIT	eBIT	ebit
DASHS	Dashs	dashs
GMX	GoldMaxCoin	goldmaxcoin
CHEAP	Cheapcoin	cheapcoin
AXIOM	Axiom	axiom
ROYAL	RoyalCoin	royalcoin
XVE	The Vegan Ini...	the-vegan-initiative
BET	BetaCoin	betacoin
TERA	TeraCoin	teracoin
ELTC2	eLTC	eltc
CBD	CBD Crystals	cbd-crystals
UTA	UtaCoin	utacoin
IVZ	InvisibleCoin	invisiblecoin
PRM	PrismChain	prismchain
YEL	Yellow Token	yellow-token
MMXVI	MMXVI	mmxvi
FBL	Faceblock	faceblock
LTH	LAthaan	lathaan
CME	Cashme	cashme
LAZ	Lazaruscoin	lazaruscoin
XQN	Quotient	quotient
XDE2	XDE II	xde-ii
FC	Facecoin	facecoin
SNAKE	SnakeEyes	snakeeyes
9COIN	9COIN	9coin
SHELL	ShellCoin	shellcoin
VOYA	Voyacoin	voyacoin
EGG	EggCoin	eggcoin
NTC	Natcoin	natcoin
TLE	Tattoocoin (L...	tattoocoin-limited
XAU	Xaucoin	xaucoin
HCC	Happy Creator...	happy-creator-coin
GML	GameLeagueCoin	gameleaguecoin
BAC	BitAlphaCoin	bitalphacoin
SWP	Swapcoin	swapcoin
FRWC	FrankyWillCoin	frankywillcoin
OPES	Opescoin	opescoin
OMC	Omicron	omicron
DUB	Dubstep	dubstep
TRICK	TrickyCoin	trickycoin
OP	Operand	operand
DCRE	DeltaCredits	deltacredits
XID	International...	international-diamond
MBL	MobileCash	mobilecash
MEN	PeopleCoin	peoplecoin
RICHX	RichCoin	richcoin
GUC	GoldUnionCoin	goldunioncoin
BAT	BatCoin	batcoin
RBBT	RabbitCoin	rabbitcoin
BGR	Bongger	bongger
FUTC	FutCoin	futcoin
AV	AvatarCoin	avatarcoin
RHFC	RHFCoin	rhfcoin
ADK	Aidos Kuneen	aidos-kuneen
XRY	Royalties	royalties
EMB	EmberCoin	embercoin
CSC	CasinoCoin	casinocoin
OCOW	OCOW	ocow
BTU	Bitcoin Unlim...	bitcoin-unlimited
XYLO	XYLO	xylo
STC	Santa Coin	santa-coin
QC	QCash	qcash
FRCT	Farstcoin	farstcoin
MDC	Madcoin	madcoin
